<?xml version="1.0" encoding="UTF-8"?>
<flights xmlns:xsi="http://www.w3.org/2001/XMLSchema-instance"
        xsi:noNamespaceSchemaLoaction="flights.xsd">
    <flight>
        <flightID>12345</flightID>
        <name>LionFlight</name>
        <origin>Sydney</origin>
        <destination>Adelaide</destination>
        <deDate>2017-05-29</deDate>
        <reDate>2017-06-05</reDate>
        <price>90</price>
        <seats>20</seats>
        <type>Economy</type>
    </flight>
     <flight>
        <flightID>12145</flightID>
        <name>LionFlight</name>
        <origin>Sydney</origin>
        <destination>Adelaide</destination>
        <deDate>2017-05-29</deDate>
        <reDate></reDate>
        <price>90</price>
        <seats>20</seats>
        <type>Economy</type>
    </flight>
    <flight>
        <flightID>12355</flightID>
        <name>LionFlight</name>
        <origin>Sydney</origin>
        <destination>Adelaide</destination>
        <deDate>2017-05-29</deDate>
        <reDate>2017-06-05</reDate>
        <price>90</price>
        <seats>1</seats>
        <type>Economy</type>
    </flight>
    <flight>
        <flightID>12346</flightID>
        <name>IETSTAR</name>
        <origin>Sydney</origin>
        <destination>Perth</destination>
        <deDate>2017-05-27</deDate>
        <reDate>2017-06-06</reDate>
        <price>150</price>
        <seats>25</seats>
        <type>Economy</type>
    </flight>
    <flight>
        <flightID>12348</flightID>
        <name>TestFlight</name>
        <origin>Sydney</origin>
        <destination>Adelaide</destination>
        <deDate>2017-05-29</deDate>
        <reDate>2017-06-05</reDate>
        <price>120</price>
        <seats>10</seats>
        <type>Business</type>
    </flight>
    <flight>
        <flightID>22348</flightID>
        <name>IETFlight</name>
        <origin>Sydney</origin>
        <destination>Adelaide</destination>
        <deDate>2017-05-29</deDate>
        <reDate>2017-06-05</reDate>
        <price>120</price>
        <seats>0</seats>
        <type>Business</type>
    </flight>
    <flight> 
        <flightID>12347</flightID>
        <name>IETSTAR</name>
        <origin>Sydney</origin>
        <destination>Melbourne</destination>
        <deDate>2017-05-28</deDate>
        <reDate>2017-06-02</reDate>
        <price>125</price>
        <seats>25</seats>
        <type>Economy</type>
    </flight>
    <flight>
        <flightID>12355</flightID>
        <name>LionFlight</name>
        <origin>Sydney</origin>
        <destination>Adelaide</destination>
        <deDate>2017-09-29</deDate>
        <reDate>2017-10-05</reDate>
        <price>90</price>
        <seats>20</seats>
        <type>Economy</type>
    </flight>
     <flight>
        <flightID>12356</flightID>
        <name>LionFlight</name>
        <origin>Sydney</origin>
        <destination>Perth</destination>
        <deDate>2017-10-01</deDate>
        <reDate>2017-10-15</reDate>
        <price>190</price>
        <seats>40</seats>
        <type>Economy</type>
    </flight>
    <flight>
        <flightID>12375</flightID>
        <name>LionFlight</name>
        <origin>Sydney</origin>
        <destination>Perth</destination>
        <deDate>2017-10-01</deDate>
        <reDate>2017-10-15</reDate>
        <price>180</price>
        <seats>0</seats>
        <type>Economy</type>
    </flight>
    
</flights>

