<?xml version="1.0" encoding="UTF-8"?>
<flights xmlns:xsi="http://www.w3.org/2001/XMLSchema-instance"
        xsi:noNamespaceSchemaLoaction="listFlight.xsd">
    <flight>
        <flightID>12345</flightID>
        <name>IETSTAR</name>
        <origin>Sydney</origin>
        <destination>Adelaide</destination>
        <deDate>2017-06-07</deDate>
        <reDate>2017-06-08</reDate>
        <price>80.0</price>
        <seats>30</seats>
        <type>Business</type>
        <customerId>123</customerId>
        <status>Available</status>
    </flight>
</flights>
