<?xml version="1.0" encoding="UTF-8"?>
<users xmlns:xsi="http://www.w3.org/2001/XMLSchema-instance"
        xsi:noNamespaceSchemaLoaction="users.xsd">
    <user>
        <userID>123</userID>       
        <name>Lionel Park</name>
        <email>bal@celona.com</email>
        <password>iamnumberone</password>
        <dob>1987-06-24</dob>
        <type>user</type>
    </user>
    <user>
        <userID>244</userID>       
        <name>Lucy Hein</name>
        <email>eam@eda.com</email>
        <password>lucylike</password>
        <dob>1999-12-12</dob>
        <type>user</type>
    </user>
    <user>     
        <userID>128</userID>  
        <name>tester</name>
        <email>tester@admin.com</email>
        <password>tester</password>
        <dob>1985-02-01</dob>
        <type>user</type>
    </user>
    <user>     
        <userID>129</userID>  
        <name>Oliver Brown</name>
        <email>brown@oliver.com</email>
        <password>oliber</password>
        <dob>1981-03-21</dob>
        <type>user</type>
    </user>
       <user>     
        <userID>124</userID>  
        <name>Cristiano Ronaldo</name>
        <email>real@madrid.com</email>
        <password>cr7isbest</password>
        <dob>1985-02-05</dob>
        <type>admin</type>
    </user>
    <user>     
        <userID>127</userID>  
        <name>admin</name>
        <email>admin@admin.com</email>
        <password>admin</password>
        <dob>1985-02-05</dob>
        <type>admin</type>
    </user>
</users>