<?xml version="1.0" encoding="UTF-8"?>
<project-private xmlns="http://www.netbeans.org/ns/project-private/1">
    <editor-bookmarks xmlns="http://www.netbeans.org/ns/editor-bookmarks/2" lastBookmarkId="0"/>
    <open-files xmlns="http://www.netbeans.org/ns/projectui-open-files/2">
        <group>
            <file>file:/C:/Users/linlebei/Documents/GitHub/airline/Flight/web/WEB-INF/listFlight.xsd</file>
            <file>file:/C:/Users/linlebei/Documents/GitHub/airline/Flight/web/register.jsp</file>
            <file>file:/C:/Users/linlebei/Documents/GitHub/airline/Flight/web/WEB-INF/users.xml</file>
            <file>file:/C:/Users/linlebei/Documents/GitHub/airline/Flight/web/WEB-INF/listFlight.xml</file>
            <file>file:/C:/Users/linlebei/Documents/GitHub/airline/Flight/web/WEB-INF/flights.xml</file>
            <file>file:/C:/Users/linlebei/Documents/GitHub/airline/Flight/web/registerAction.jsp</file>
        </group>
    </open-files>
</project-private>
